4c3d3fed-32a5-11ee-ad4c-709cd10af73f.jpg,[]
c21bfef5-32eb-11ee-8a5a-709cd10af73f.jpg,['BAD 231']
50cd2048-32f4-11ee-b4bb-709cd10af73f.jpg,['BAD 231']
ef3a926d-32f7-11ee-a6d6-709cd10af73f.jpg,['BAD 231']
e9a2b2fc-32fd-11ee-9c1b-709cd10af73f.jpg,['BAD 231']
be6b6710-3303-11ee-8fef-709cd10af73f.jpg,['BAD 231']
44ad8458-3304-11ee-911b-709cd10af73f.jpg,['BAD 231']
9c90af2b-3305-11ee-b398-709cd10af73f.jpg,['BAD 231']
73a836b2-330b-11ee-97ab-709cd10af73f.jpg,['BAD 231']
d594611c-330d-11ee-8f28-709cd10af73f.jpg,['BAD 231']
2f8c89fe-330e-11ee-a07a-709cd10af73f.jpg,['BAD 231']
d5b5dfe6-330e-11ee-8484-709cd10af73f.jpg,['BAD 231']
5edea33e-3311-11ee-a3fb-709cd10af73f.jpg,['BAD 231']
5b5f671c-333d-11ee-8dbe-709cd10af73f.jpg,['BAD 231']
2cf572bd-3340-11ee-a018-709cd10af73f.jpg,['BAD 231']
2b607f1f-3343-11ee-8be7-709cd10af73f.jpg,['BAD 231']
2df22584-3345-11ee-b53e-709cd10af73f.jpg,['BAD 231']
da86683e-334a-11ee-a6f3-709cd10af73f.jpg,['BAD 231']
3fa404ae-334c-11ee-9eb0-709cd10af73f.jpg,['BAD 231']
5b980c2a-334d-11ee-834e-709cd10af73f.jpg,['BAD 231']
9a7ec37d-334f-11ee-b6ef-709cd10af73f.jpg,['BAD 231']
a836a0e6-3357-11ee-9138-709cd10af73f.jpg,['BAD 231']
7c379ef3-335a-11ee-9f9f-709cd10af73f.jpg,['BAD 231']
