dac5578d-330b-11ee-8c37-709cd10af73f.jpg,[]
e18be178-330b-11ee-a1ab-709cd10af73f.jpg,[]
e86eaea6-330b-11ee-976c-709cd10af73f.jpg,[]
eaa95ef6-330b-11ee-8ba3-709cd10af73f.jpg,[]
ec3fd302-330b-11ee-ab1f-709cd10af73f.jpg,['DL1CAC7637']
edc002d1-330b-11ee-a1c3-709cd10af73f.jpg,['DLICAC7637']
ef2c1068-330b-11ee-8edd-709cd10af73f.jpg,['DLICAC7637']
f094dcbd-330b-11ee-9e32-709cd10af73f.jpg,['DLICAC7637']
f20461c2-330b-11ee-866e-709cd10af73f.jpg,['DL1CAC7637']
f569229b-330b-11ee-9e38-709cd10af73f.jpg,['DL1CAC7637']
f6dac61d-330b-11ee-8f76-709cd10af73f.jpg,['DL1CAC7637']
f84f272f-330b-11ee-9612-709cd10af73f.jpg,['DL1CAC7637']

c819d372-3311-11ee-b4f2-709cd10af73f.jpg,['DLiCAC7 637']
c972c5c0-3311-11ee-9b08-709cd10af73f.jpg,['DL1CAC7 637']
cacd01be-3311-11ee-9955-709cd10af73f.jpg,['6Ac7627']
cc2cc215-3311-11ee-8b91-709cd10af73f.jpg,['DL1CAC7637']
cfb875c7-3311-11ee-948e-709cd10af73f.jpg,['@L1CAc7637']
d10b3010-3311-11ee-be42-709cd10af73f.jpg,['DLICAC7637']
d2616410-3311-11ee-b534-709cd10af73f.jpg,['@LICAC7637']
d3b4441e-3311-11ee-8691-709cd10af73f.jpg,['DL1CAC7637']
d50789e3-3311-11ee-987b-709cd10af73f.jpg,['DL 1CAC7637']
d6702dda-3311-11ee-adb9-709cd10af73f.jpg,['DL1CAC7637']
d7c64d6a-3311-11ee-bbc6-709cd10af73f.jpg,['DL1CAC7637']
d9167f14-3311-11ee-b2fb-709cd10af73f.jpg,['DLicAc7637']
da68950a-3311-11ee-980a-709cd10af73f.jpg,['DL1CAC7637']
dbb45f95-3311-11ee-99d7-709cd10af73f.jpg,"['DLICAC, 637']"
dd038b8f-3311-11ee-a09c-709cd10af73f.jpg,"['DLICAC, 637']"
e012de6b-3311-11ee-98c5-709cd10af73f.jpg,['~cA66']
2bccdd7c-3312-11ee-8220-709cd10af73f.jpg,[]
2d190af8-3312-11ee-80e6-709cd10af73f.jpg,[]
2e5e75ac-3312-11ee-88a6-709cd10af73f.jpg,['DL1CAC7637']
34f881bf-3312-11ee-96fa-709cd10af73f.jpg,[]
3656d67b-3312-11ee-b4e2-709cd10af73f.jpg,['0I 16.ac/637']
37a35951-3312-11ee-8d9b-709cd10af73f.jpg,['DLICAc7637']
38ed8ac4-3312-11ee-bb05-709cd10af73f.jpg,['DL1CAC7637']
3a505a3a-3312-11ee-acaa-709cd10af73f.jpg,[]
3be386d2-3312-11ee-967f-709cd10af73f.jpg,['DL 1 427637']
3d3e72ba-3312-11ee-b615-709cd10af73f.jpg,['DL1CAC7637']
3e923684-3312-11ee-8976-709cd10af73f.jpg,[]
3fde09ba-3312-11ee-991b-709cd10af73f.jpg,['DL1CACZ637']
412d082b-3312-11ee-b134-709cd10af73f.jpg,['DLICAC7637']
4277807f-3312-11ee-952b-709cd10af73f.jpg,"['DLICAC, 637']"
43bfb914-3312-11ee-9104-709cd10af73f.jpg,['DLICAC/ 637']
45113873-3312-11ee-9110-709cd10af73f.jpg,['DLICAC/ 637']
466b51cb-3312-11ee-8e86-709cd10af73f.jpg,[]
47c8751e-3312-11ee-b420-709cd10af73f.jpg,['DL ILAC/637']
49167122-3312-11ee-8925-709cd10af73f.jpg,['DLICAC/ 637']
4a6add58-3312-11ee-823d-709cd10af73f.jpg,['DLICAC/637']
4bb8c32f-3312-11ee-af6b-709cd10af73f.jpg,['DL ICAC7 637']
4d15cf1e-3312-11ee-9da7-709cd10af73f.jpg,['DLICAC/ 637']
4e62e531-3312-11ee-87a2-709cd10af73f.jpg,['DLICAC/ 637']
4faef613-3312-11ee-b193-709cd10af73f.jpg,['DLICAC7637']
50ff9208-3312-11ee-9ac5-709cd10af73f.jpg,['DL1CAC7637']
5244d212-3312-11ee-974e-709cd10af73f.jpg,['DL1CAC7637']
53916270-3312-11ee-ad3f-709cd10af73f.jpg,['DL1CAC7637']
54ddc684-3312-11ee-995d-709cd10af73f.jpg,['DL1CAC7637']
56374d2d-3312-11ee-a1ad-709cd10af73f.jpg,['7637']
82d1a2b1-3312-11ee-a960-709cd10af73f.jpg,[]
8442e285-3312-11ee-9be7-709cd10af73f.jpg,['DLICAC/ 637']
858d1b5f-3312-11ee-8ed6-709cd10af73f.jpg,[]
86ed1b79-3312-11ee-829f-709cd10af73f.jpg,[]
8835d87b-3312-11ee-b61b-709cd10af73f.jpg,['DL1CACZ637']
91f50fb0-3312-11ee-be09-709cd10af73f.jpg,['DLiCAC7 637']
933882dc-3312-11ee-871c-709cd10af73f.jpg,[]
947e9163-3312-11ee-863b-709cd10af73f.jpg,[]
95dfba5c-3312-11ee-9d11-709cd10af73f.jpg,['L1cac7637']
9aebfad0-3312-11ee-b6ca-709cd10af73f.jpg,['DLIcaC; 637']
9c49d337-3312-11ee-a467-709cd10af73f.jpg,['DL1CAC7637']
9da68650-3312-11ee-8a58-709cd10af73f.jpg,['DL1CAC7637']
9f05e5b1-3312-11ee-a8f5-709cd10af73f.jpg,['DL1CAC7637']
a0677020-3312-11ee-a500-709cd10af73f.jpg,['DL1CAC7637']
a1c97ebe-3312-11ee-b6c8-709cd10af73f.jpg,['DL1CAC7637']
a32c24a9-3312-11ee-b5ee-709cd10af73f.jpg,['DL1CAC7637']
a48d4a79-3312-11ee-bca3-709cd10af73f.jpg,['DL1CAC7637']
a5e58e65-3312-11ee-aad8-709cd10af73f.jpg,['DL1CAC7637']
b4a31989-3312-11ee-8199-709cd10af73f.jpg,['II 16 A( / 6 }']
b6000d47-3312-11ee-ad5b-709cd10af73f.jpg,['DLICAC7637']
b75913ac-3312-11ee-8ec3-709cd10af73f.jpg,['DL1CAC7637']
b8ad4c29-3312-11ee-9cca-709cd10af73f.jpg,['DL1CAC7637']
ba11f18c-3312-11ee-a3c9-709cd10af73f.jpg,['DL1CAC7637']
bb76fb3b-3312-11ee-92af-709cd10af73f.jpg,['DL1CAC7637']
bcd7fafb-3312-11ee-bfad-709cd10af73f.jpg,['DL1CAC7637']
be36adfd-3312-11ee-830d-709cd10af73f.jpg,['DL1CAC7637']
bf947e4b-3312-11ee-ad00-709cd10af73f.jpg,['L1CAC7637']
c0f94003-3312-11ee-a166-709cd10af73f.jpg,['L1CAC7637']
c2581efd-3312-11ee-999b-709cd10af73f.jpg,['DL1CAC7637']
5965fb38-3313-11ee-8577-709cd10af73f.jpg,[]
5aacd3dd-3313-11ee-99f4-709cd10af73f.jpg,['DLICAC7637']
5bf6608b-3313-11ee-bed0-709cd10af73f.jpg,[]
5d4342df-3313-11ee-bec6-709cd10af73f.jpg,[]
5e8b6b47-3313-11ee-bc28-709cd10af73f.jpg,[]
603881a8-3313-11ee-ad18-709cd10af73f.jpg,[]
61e009d3-3313-11ee-9856-709cd10af73f.jpg,['-1CAc7637']
634cd6de-3313-11ee-a378-709cd10af73f.jpg,['OLICACZ637']
64e8cbc9-3313-11ee-8d3a-709cd10af73f.jpg,['JLICAC/ 63']
6647e762-3313-11ee-a65d-709cd10af73f.jpg,[]
67afe460-3313-11ee-a502-709cd10af73f.jpg,['DLiCAC7637']
690b030f-3313-11ee-97f6-709cd10af73f.jpg,['DLICACZ637']
6a641df8-3313-11ee-acf4-709cd10af73f.jpg,['DLICACi 637']
6bbd21d8-3313-11ee-b33f-709cd10af73f.jpg,[]
6d0b0b71-3313-11ee-b299-709cd10af73f.jpg,[]
6e539ba2-3313-11ee-bee1-709cd10af73f.jpg,['DL1CAC7637']
6f936013-3313-11ee-9c1a-709cd10af73f.jpg,['DL1CAC7637']
715da3c1-3313-11ee-b100-709cd10af73f.jpg,['DLICAC7637']
72e3db64-3313-11ee-a252-709cd10af73f.jpg,['DL1CAC763T']
742b9dc3-3313-11ee-bef0-709cd10af73f.jpg,['DLICAC7637']
75725909-3313-11ee-b405-709cd10af73f.jpg,['DL1CAC763T']
76c3d99b-3313-11ee-b686-709cd10af73f.jpg,['DL1CAC763T']
780c66c6-3313-11ee-8bae-709cd10af73f.jpg,['DL1CAC763T']
7958b235-3313-11ee-aaf0-709cd10af73f.jpg,['DL1CAC7637']
7aa80c6f-3313-11ee-99d9-709cd10af73f.jpg,['DL1CAC7637']
7bf1e166-3313-11ee-9381-709cd10af73f.jpg,['DL1CAC7637']
7d3f9429-3313-11ee-8c4e-709cd10af73f.jpg,['DL1CAC763T']
7e87be60-3313-11ee-8097-709cd10af73f.jpg,['DL1CAC763T']
7fd9d91a-3313-11ee-8a09-709cd10af73f.jpg,['DL1CAC763T']
812d9f11-3313-11ee-abea-709cd10af73f.jpg,['DL1CAC7637']
827c81ff-3313-11ee-97e8-709cd10af73f.jpg,['DL1CAC7637']
83ca306e-3313-11ee-9be2-709cd10af73f.jpg,['DL1CAC76']
85175f40-3313-11ee-ad6c-709cd10af73f.jpg,['DL1CAC76']
866cfda8-3313-11ee-b70a-709cd10af73f.jpg,['DL1CAC7637']
87c0e950-3313-11ee-a8c9-709cd10af73f.jpg,['DL1CAC7637']
890fe26a-3313-11ee-a592-709cd10af73f.jpg,['DL1CAC7637']
8a679370-3313-11ee-94b3-709cd10af73f.jpg,['DL1CAC7637']
8bb7da65-3313-11ee-b4c6-709cd10af73f.jpg,['DL1CAC7637']
8d1205f5-3313-11ee-a92b-709cd10af73f.jpg,['DL1CAC7637']
8e6374e1-3313-11ee-a21b-709cd10af73f.jpg,['DL1CAC7637']
8fb6716c-3313-11ee-a71f-709cd10af73f.jpg,['DL1CAC7637']
9108673d-3313-11ee-a3f1-709cd10af73f.jpg,['DL1CAC7637']
9262b537-3313-11ee-886b-709cd10af73f.jpg,['DL1CAC7637']
93b67214-3313-11ee-90f8-709cd10af73f.jpg,['DLICAC7 637']
950d0d04-3313-11ee-870f-709cd10af73f.jpg,['DL1CAC7637']
9663543f-3313-11ee-bd87-709cd10af73f.jpg,['DL ICAC/ 637']
a01173e4-3313-11ee-815d-709cd10af73f.jpg,['637']
a14da858-3313-11ee-9411-709cd10af73f.jpg,['637']
a286b082-3313-11ee-a8bd-709cd10af73f.jpg,['637']
a3fc8114-3313-11ee-9eda-709cd10af73f.jpg,['637']
a65e94c4-3313-11ee-9866-709cd10af73f.jpg,"['DL ICAC, 637']"
a7a887ee-3313-11ee-9df1-709cd10af73f.jpg,['DL1CAC7637']
a9033fca-3313-11ee-8c9c-709cd10af73f.jpg,"['DL ICAC, 637']"
aa5282e8-3313-11ee-82ba-709cd10af73f.jpg,['DL1CAC7637']
aba25308-3313-11ee-8855-709cd10af73f.jpg,['DL1CAC7637']
acf710d3-3313-11ee-aca6-709cd10af73f.jpg,['DL1CAC7637']
ae4d86d3-3313-11ee-98d2-709cd10af73f.jpg,['DL1CAC7637']
afa08f21-3313-11ee-a219-709cd10af73f.jpg,['DL1CAC7632']
b100acfa-3313-11ee-907e-709cd10af73f.jpg,['DL1CAC7632']
b255dc5a-3313-11ee-a704-709cd10af73f.jpg,['DL1CAC7637']
b3ac0a34-3313-11ee-bba5-709cd10af73f.jpg,['DL1CAC7637']
b50561c1-3313-11ee-a48f-709cd10af73f.jpg,['DL1CACZ637']
b6591361-3313-11ee-965b-709cd10af73f.jpg,['DL1CAC7637']
b7b2162b-3313-11ee-bdac-709cd10af73f.jpg,['DL1CAC7637']
b91574bd-3313-11ee-9663-709cd10af73f.jpg,['DL1CAC7637']
56296ace-3340-11ee-847e-709cd10af73f.jpg,[]
40931c53-3343-11ee-a378-709cd10af73f.jpg,['69 Ssu']
43333425-3343-11ee-899f-709cd10af73f.jpg,['4-W33i']
448d578f-3343-11ee-8a1c-709cd10af73f.jpg,"['4*139,330|']"
46027001-3343-11ee-a24b-709cd10af73f.jpg,"['M:139,330|']"
4759bd56-3343-11ee-bdb2-709cd10af73f.jpg,"[""'139,330|""]"
48d2d0b7-3343-11ee-812b-709cd10af73f.jpg,"['139,330]']"
6da5003b-334d-11ee-9429-709cd10af73f.jpg,[]
6f0402b7-334d-11ee-bff1-709cd10af73f.jpg,['DL1CAC7637']
707c8b1e-334d-11ee-97d6-709cd10af73f.jpg,['DL1CAC7637']
72076c00-334d-11ee-8d81-709cd10af73f.jpg,['DL1CAC7637|']
7379a9e8-334d-11ee-94fe-709cd10af73f.jpg,['DL1CAC7637|']
962e4420-334d-11ee-a772-709cd10af73f.jpg,[]
979a9a1a-334d-11ee-9069-709cd10af73f.jpg,['M 139 330']
98f53409-334d-11ee-9558-709cd10af73f.jpg,"['139,.330}']"
9a89cfba-334d-11ee-b407-709cd10af73f.jpg,[]
9d089747-334d-11ee-99dd-709cd10af73f.jpg,[]
9ff64d23-334d-11ee-99f9-709cd10af73f.jpg,[]
a14e639c-334d-11ee-8ab4-709cd10af73f.jpg,[]
cc5d4277-334d-11ee-b396-709cd10af73f.jpg,[]
cdca7740-334d-11ee-948b-709cd10af73f.jpg,['M.1393301']
cf2fd67b-334d-11ee-8cc9-709cd10af73f.jpg,['139 330']
d090d6c6-334d-11ee-88be-709cd10af73f.jpg,['139 330']
d1f3e121-334d-11ee-8095-709cd10af73f.jpg,['139330']
d34bdd9d-334d-11ee-ba72-709cd10af73f.jpg,[':139330']
d4b520f3-334d-11ee-a41b-709cd10af73f.jpg,[':139 330']
d6160b23-334d-11ee-855b-709cd10af73f.jpg,['M:139 330}']
d785001f-334d-11ee-892d-709cd10af73f.jpg,['M:139 330']
d8dc19f0-334d-11ee-b67e-709cd10af73f.jpg,"[""'139,330]""]"
af179ce4-334f-11ee-b289-709cd10af73f.jpg,[]
b04a99dd-334f-11ee-b1c6-709cd10af73f.jpg,"[""'139,330""]"
b17acf12-334f-11ee-b452-709cd10af73f.jpg,['M:139 330]']
efd92cde-334f-11ee-9de9-709cd10af73f.jpg,[]
f20e4289-334f-11ee-8b12-709cd10af73f.jpg,[]
f43601c6-334f-11ee-82e7-709cd10af73f.jpg,[]
a6d9eeda-3350-11ee-9789-709cd10af73f.jpg,[]
b131ee3d-3350-11ee-8ffb-709cd10af73f.jpg,[]
eafc102a-3350-11ee-adab-709cd10af73f.jpg,[]
09bdb364-3351-11ee-aaa1-709cd10af73f.jpg,[]
0af05591-3351-11ee-96b7-709cd10af73f.jpg,['M:139 330']
0d87cab3-3351-11ee-9eed-709cd10af73f.jpg,['139 330)']
0ed1e259-3351-11ee-9259-709cd10af73f.jpg,[]
11a78b1c-3351-11ee-bb09-709cd10af73f.jpg,[]
13a03f4b-3351-11ee-8dae-709cd10af73f.jpg,[]
e9f16bd9-3351-11ee-9e28-709cd10af73f.jpg,[]
eb4b4d98-3351-11ee-b890-709cd10af73f.jpg,[]
ec8eee87-3351-11ee-aba4-709cd10af73f.jpg,[]
edc3f775-3351-11ee-a012-709cd10af73f.jpg,[]
f288defd-3351-11ee-80a9-709cd10af73f.jpg,[]
f6439182-3351-11ee-ae43-709cd10af73f.jpg,[]
f7afb596-3351-11ee-a052-709cd10af73f.jpg,[]
17931766-3352-11ee-9a0a-709cd10af73f.jpg,[]
93850d1f-3355-11ee-bbf2-709cd10af73f.jpg,[]
94b7edf0-3355-11ee-a5ec-709cd10af73f.jpg,[]
966bbe8d-3355-11ee-8619-709cd10af73f.jpg,[]
9ce54432-3355-11ee-9391-709cd10af73f.jpg,[]
bc9f01e2-3355-11ee-8fcf-709cd10af73f.jpg,[]
e1af5ec6-3355-11ee-adc2-709cd10af73f.jpg,[]
e2f43435-3355-11ee-ab02-709cd10af73f.jpg,['KR75 J8eGp']
e428ceab-3355-11ee-8f5c-709cd10af73f.jpg,['Rrzbkeg']
e55b1535-3355-11ee-9991-709cd10af73f.jpg,['KR 75 #egp']
1b14d2db-3356-11ee-b5c0-709cd10af73f.jpg,['DLicaciey']
1c53a856-3356-11ee-8989-709cd10af73f.jpg,[]
1d926e8d-3356-11ee-bc2e-709cd10af73f.jpg,['DL1ctqysy']
211227dd-3356-11ee-8f4b-709cd10af73f.jpg,['DLICAC7']
24ff7c2a-3356-11ee-85bb-709cd10af73f.jpg,['DL1CAC7637']
2667c7f3-3356-11ee-8736-709cd10af73f.jpg,['DL1CAC7637']
34ffc687-3356-11ee-ab1a-709cd10af73f.jpg,[]
3a08b440-3356-11ee-9caf-709cd10af73f.jpg,[]
8634092c-335e-11ee-b1a4-709cd10af73f.jpg,[]
8a48a5b1-335e-11ee-8df0-709cd10af73f.jpg,[]
02b0976f-335f-11ee-92a1-709cd10af73f.jpg,[]
108a975c-3363-11ee-9fdb-709cd10af73f.jpg,[]
29a55797-3363-11ee-be67-709cd10af73f.jpg,['T']
2ae58d82-3363-11ee-a715-709cd10af73f.jpg,['6J77663456']
2c2816d2-3363-11ee-bd8d-709cd10af73f.jpg,['6J77663456']
2d6f6740-3363-11ee-bdda-709cd10af73f.jpg,['6J77663456']
2eb62de2-3363-11ee-86de-709cd10af73f.jpg,['6J77663456']
30c1bc2e-3363-11ee-a43b-709cd10af73f.jpg,['6JZ7 €']
390545ff-3363-11ee-ab5f-709cd10af73f.jpg,['1J77553456']
3a4c99db-3363-11ee-baa9-709cd10af73f.jpg,['C']
3b929932-3363-11ee-a8c2-709cd10af73f.jpg,['F']
3e98f1fd-3363-11ee-b4b4-709cd10af73f.jpg,[]
403169b3-3363-11ee-bd92-709cd10af73f.jpg,['6J776']
4eba1ead-3363-11ee-b568-709cd10af73f.jpg,[]
508b2505-3363-11ee-93f4-709cd10af73f.jpg,[]
2469223b-3364-11ee-9b5f-709cd10af73f.jpg,[]
938579e6-3364-11ee-8045-709cd10af73f.jpg,['MR260O5551']
94cb04bb-3364-11ee-bebd-709cd10af73f.jpg,[]
9624a7cb-3364-11ee-a3c4-709cd10af73f.jpg,[]
97b5d2da-3364-11ee-8f5f-709cd10af73f.jpg,[]
99094294-3364-11ee-8506-709cd10af73f.jpg,[]
9a593daf-3364-11ee-89e8-709cd10af73f.jpg,[]
9b9e62f3-3364-11ee-b3d8-709cd10af73f.jpg,[]
9cd701f7-3364-11ee-87ec-709cd10af73f.jpg,['HR26DO555 /']
9e22740a-3364-11ee-8503-709cd10af73f.jpg,[]
9f6d09fb-3364-11ee-b426-709cd10af73f.jpg,[]
a0ba5209-3364-11ee-8094-709cd10af73f.jpg,[]
a1f68ad5-3364-11ee-b308-709cd10af73f.jpg,['J4R26DO555]']
a39f70ad-3364-11ee-995a-709cd10af73f.jpg,[]
a988c3af-3364-11ee-a669-709cd10af73f.jpg,"['Hr26bgsss""']"
ac2e80f3-3364-11ee-973d-709cd10af73f.jpg,[]
ae09b858-3364-11ee-b659-709cd10af73f.jpg,[]
b067c754-3364-11ee-9a81-709cd10af73f.jpg,[]
b1e13ebe-3364-11ee-9737-709cd10af73f.jpg,[]
b3361171-3364-11ee-bf86-709cd10af73f.jpg,[]
b4670ea5-3364-11ee-8f11-709cd10af73f.jpg,['HR26dO5554']
b5a56f72-3364-11ee-a41d-709cd10af73f.jpg,[]
b6dbd9eb-3364-11ee-ac14-709cd10af73f.jpg,[]
b81b77ff-3364-11ee-a2f0-709cd10af73f.jpg,[]
bac944a1-3364-11ee-a976-709cd10af73f.jpg,[]
c202efff-3364-11ee-83be-709cd10af73f.jpg,[]
c460fcc1-3364-11ee-b624-709cd10af73f.jpg,[]
cefa3d8b-3364-11ee-aa60-709cd10af73f.jpg,[]
d170b388-3364-11ee-8a7e-709cd10af73f.jpg,[]
d2afc31e-3364-11ee-ac0f-709cd10af73f.jpg,[]
d67684a7-3364-11ee-bf10-709cd10af73f.jpg,[]
daeaea82-3364-11ee-a964-709cd10af73f.jpg,[]
dd7373b3-3364-11ee-b6ee-709cd10af73f.jpg,[]
df429f21-3364-11ee-a466-709cd10af73f.jpg,[]
e081e324-3364-11ee-b9e7-709cd10af73f.jpg,[]
e1b93a3f-3364-11ee-9a34-709cd10af73f.jpg,[]
e535e4d5-3364-11ee-9da3-709cd10af73f.jpg,[]
e79e8b8e-3364-11ee-9e95-709cd10af73f.jpg,[]
ea070070-3364-11ee-a674-709cd10af73f.jpg,[]
